id,created_at,text,text_ref,label_text,label_textRef
1912228682208248257,2025-04-15 19:36:59+00,"@VelarBTC is rewriting the rules by building directly on Bitcoin using the power of  Stacks. The result? Real DeFi on Bitcoin. Not wrapped, not bridged. 

Just native and secure.",NaN,5,
1912228683651379502,2025-04-15 19:37:00+00,"@darksoulsol0x Crypto doesnâ€™t reward the hesitantâ€”it rewards the prepared. PWEACE is building in plain sight, giving everyone a chance to move before the masses do. The path is clear. The potential is real. The time is now.",NaN,2,
1912228703775437254,2025-04-15 19:37:05+00,"@ThermAIOfficial is revolutionizing sustainability by converting waste heat from PCs into usable heat for homes through integrated nodes. 
Iâ€™m so excited to see @RunOnFlux partnering with us to promote this innovative project!

AI + DEFI = A BANGERğŸ”¥
 #Sustainability #TechForGood https://t.co/o5ET6zllLO",NaN,7,
1912228723744530880,2025-04-15 19:37:09+00,@Allain_web3 Only build,NaN,0,
1912228733181939846,2025-04-15 19:37:12+00,"Cryptoâ€™s Great Wallet Heist: Promises Galore, Protection Zero
Picture this: my crypto wallet gets jacked. Poof, coins gone, like my hopes of early retirement. I fire off emails to every company involvedâ€”wallet maker, exchange, even the blockchainâ€™s customer service (spoiler: it https://t.co/ZWCvfPSyGR",NaN,0,
1912228736696762664,2025-04-15 19:37:12+00,"@frosty_web3 Gm to you frosty 

Hope you are having a great week so far 

Iâ€™ll have to shoot you a DM in regards to this project!",NaN,1,
1912228761753247761,2025-04-15 19:37:18+00,@owocki Web3 &amp; AI established and reviewed agreements for (last mile) capital allocation in this building corner! âœ‹ https://t.co/uAB10abvNs,NaN,1,
1912228765955956881,2025-04-15 19:37:19+00,"You know weâ€™re all gonna at least try the Trump crypto monopoly game. 

Trump will now be the top web3 gaming founder in the space

This man just canâ€™t stop winning",NaN,0,
1912228792938164489,2025-04-15 19:37:26+00,"@DEFIRUSH_ @WhiteBit @WalletConnect This is what Web3 is all about, building new systems that challenge the status quo! Curious to see how this plays out in the long run. Adoption is keyğŸ’¯",NaN,0,
1912228803029463386,2025-04-15 19:37:28+00,@Allain_web3 Letâ€™s build ğŸ˜,NaN,0,
1912228809425797178,2025-04-15 19:37:30+00,Ethereum is empowering developers to build decentralized apps that solve real-world problems. ğŸ’¡ #Crypto #Blockchain,NaN,0,
1912228830833500528,2025-04-15 19:37:35+00,"@Akatsuki_Nag @ElonMuskAOC @Tired_Dad_onSol Whatâ€™s the next big thing in crypto? Look no further than $ARIA. Powered by @SynchroVerseAI, itâ€™s creating new ways to engage with content. This is more than a project; itâ€™s a movement. Join the revolution now! DYOR",NaN,7,
1912228840342270287,2025-04-15 19:37:37+00,"@ManAlejg @s0meone_u_know @ZenithTON Its nice to see the @ton_blockchain ecosystem continue to grow.

$TON is building into a powerhouse &amp; I have no doubts that it will become a top protocol in the near future.

Great thread my friend ğŸ‘",NaN,4,
1912228844402274612,2025-04-15 19:37:38+00,"ğŸš¨ JUST IN: 

Trump is set to launch a GAMING CRYPTO in the coming months. 

Imagine thinking a Gaming Supercycle isn't upon us, and that $MLG won't be the leader of this sector. https://t.co/9FS9uAS9vC",NaN,0,
1912228850005893570,2025-04-15 19:37:39+00,@Creatoz5 @BoogasX I'm a 2D animator and illustrator specializing in high-quality crypto memes and animations for investors. I'd love to join your team to create artworks and animations for your project.,NaN,0,
1912228891214958759,2025-04-15 19:37:49+00,"ğŸš€ ğŸŒ• Claiming my #NILATOKEN!
To the moon we go! ğŸš€ğŸŒŸ . Complete fun tasks, earn tokens, and be part of our vibrant
community! ğŸ’°
ğŸ”— Join our Airdrop :  {https://t.co/6QsUjqlqFS}
@nilatoken #Crypto #Airdrop #DeFi #CryptoCommunity",NaN,3,
1912228917215174783,2025-04-15 19:37:56+00,"@NdukaAnthonyA @gitcoin @AlphaBlocksTech @BlockchainUNN @blockchainNAU @Official_GIDA @BlockchainLAUT1 You're truly a God sent! ğŸ•Šï¸

We're bringing web3 to mobile devices ğŸ“²

No more ""Connect"" button ğŸ‰

https://t.co/sJDLr1r7oa

Please Support Us! ğŸ™",NaN,3,
1912228949234708587,2025-04-15 19:38:03+00,"Altzn is coming.

I'll die on this hill.

Crypto is upending and transforming the very foundations of money &amp; finance. 

Money at the speed of the internet.

Entire open economies decentralized &amp; permissionless. 

Programable digital value.

We're just getting started.",NaN,1,
1912228952942526870,2025-04-15 19:38:04+00,"ğŸš€ ğŸŒ• Claiming my #NILATOKEN!
To the moon we go! ğŸš€ğŸŒŸ . Complete fun tasks, earn tokens, and be part of our vibrant
community! ğŸ’°
ğŸ”— Join our Airdrop :  {https://t.co/Lh8Et8BMCk}
@nilatoken #Crypto #Airdrop #DeFi #CryptoCommunity",NaN,0,
1912229000367263963,2025-04-15 19:38:15+00,@SandeeKale11871 @sui_jars @CassandraL44416 @SandeeKale11871 @sui_jars @CassandraL44416 You're absolutely right!  ğŸš€  The excitement is building!   Those zkSync and Optimism visualizations are primed to redefine how the Web3 community perceives Layer 2 scaling.   Let's make this presentation truly unforgettable!,NaN,0,
1912229009192255575,2025-04-15 19:38:17+00,"ğŸš€ ğŸŒ• Claiming my #NILATOKEN!
To the moon we go! ğŸš€ğŸŒŸ . Complete fun tasks, earn tokens, and be part of our vibrant
community! ğŸ’°
ğŸ”— Join our Airdrop :  {https://t.co/xKuLpkHz4s}
@nilatoken #Crypto #Airdrop #DeFi #CryptoCommunity",NaN,0,
1912229034651505097,2025-04-15 19:38:24+00,"@NFTDEFILAND Itâ€™s not just another crypto startup. $Sight is infrastructure for the new financial world

Twitter: https://t.co/1Pe59oXNoE
CA 5TrArZs8vqmw3jeUegW1DgXNsL57VLDnLhT1xX12moon https://t.co/rmZHK9liAT",NaN,5,
1912229052389462258,2025-04-15 19:38:28+00,"ğŸš€ ğŸŒ• Claiming my #NILATOKEN!
To the moon we go! ğŸš€ğŸŒŸ . Complete fun tasks, earn tokens, and be part of our vibrant
community! ğŸ’°
ğŸ”— Join our Airdrop :  {https://t.co/Z40QGpbqCQ}
@nilatoken #Crypto #Airdrop #DeFi #CryptoCommunity",NaN,0,
1912229055266513010,2025-04-15 19:38:28+00,"4/8
Holding $IXFI unlocks real benefits
âš¡ Lower trading fees
ğŸ“ˆ Staking rewards
ğŸ Airdrops for holders
ğŸš€ Launchpad project access
ğŸ® Game-style earning
ğŸ”¥ Integrated token burning

Your token, your toolbox.

#IXFI #Crypto #Web3 #NFA #BTC ğŸ‘‡","3/8
Proof of performance
ğŸ‘¥ 500,000+ users
ğŸŒ Active in 160+ countries
ğŸ’° $1,000,000+ in digital rewards
ğŸ”— 360+ cryptocurrencies supported
âš’ï¸ 4 years of solid development
ğŸ¤ 50+ ecosystem partners

#Crypto #DeFi #Finance #CEX #dolar #Solana ğŸ‘‡",4,4
1912229059926626500,2025-04-15 19:38:30+00,"@RWA Inc. has been recognized in Forbes for several notable achievements in the blockchain and digital asset space

Real-World Asset Tokenization: #RWAInc. has been highlighted for its role in tokenizing real-world assets, including startup equity, real estate, and collectibles.",NaN,6,
1912229060064793078,2025-04-15 19:38:30+00,"theoriq AI: Pioneering Decentralized AI Agents in 

Web3îˆƒTheoriq AI is revolutionizing the AI landscape by launching the first blockchain-based network for AI agents. These autonomous agents can plan, access data, use tools, make decisions, and interact with the real world

îˆƒ",NaN,8,
1912229063806316576,2025-04-15 19:38:30+00,"@darksoulsol0x This is the kind of setup that makes crypto exciting again. A community forming, a wave building, and an opportunity thatâ€™s still off the radar. PWEACE isnâ€™t waiting to be noticed. Itâ€™s preparing to take off. Are you in?",NaN,4,
1912229086140985452,2025-04-15 19:38:36+00,"@Crypto_TownHall Hearing this makes me want to double down. Historyâ€™s repeating and this time, weâ€™re early again .",NaN,,
1912229094156075467,2025-04-15 19:38:38+00,"7/8
$IXFI #Tokenomics at a glance
ğŸ¦ 25% â€“ Staking &amp; Rewards
ğŸ¢ 20% â€“ Company
ğŸ” 15% â€“ Sales
ğŸ‘¨â€ğŸ’» 10% â€“ Team
ğŸ’§ 9% â€“ Liquidity
ğŸ› ï¸ 6% â€“ Development
ğŸ“£ 4% â€“ Marketing
ğŸ¤ 4% â€“ Advisors
ğŸ’¼ 4% â€“ Ventures
ğŸ‰ 2% â€“ #Airdrops

#Strategic. #Transparent. Designed to last.
#dolar #Crypto ğŸ‘‡","6/8
Burning with purpose
ğŸ”¥ 25% of IXFI profits used quarterly for buybacks
â™»ï¸ Tokens are permanently burned
âš–ï¸ Supply cut goal: from 5B to 2.5B
ğŸ“‰ Deflation supports long-term value

#Scarcity meets #strategy.

#Burn #Deflationary #tokenomics #crypto ğŸ‘‡",3,3
1912229146610061670,2025-04-15 19:38:50+00,"ğŸš—âš¡ï¸ $DMC â€” The FIRST Web2 â¡ï¸ Web3 Car Company

@DeLoreanLabs is driving the future of culture &amp; cars.

888 â³ Time Capsules already claimed â€” loaded with: ğŸ¨ Hand-painted figures
ğŸ’¸ Airdrops
ğŸš˜ A Brand New DeLorean Alpha 5

Listings dropping soon... ğŸ‘€

ğŸ”— https://t.co/LTV2cJ7oH1",NaN,2,
1912229156126875855,2025-04-15 19:38:52+00,@askofyubbie This project is exactly what the Web3 space needsâ€”innovative and user-centric!,NaN,2,
1912229175416565902,2025-04-15 19:38:57+00,"@Huzzain_defi $Kroak 
$KROAK is not just another memecoin â€“ it's a movement on $KASPA!

â€“ $806K Market Cap &amp; climbing
â€“ Ranked #7 on KRC20
â€“ Fair launch. Zero premint. No rug, no BS
â€“ Rewards-packed NFT ecosystem
â€“ 5 CEXs already, more on the radar
â€“ Backed by a legendary dev","Only 172 NFTs left in the KROAK on KASPA collection! Each mint is 690 KASPA, and this is your chance to reach whale status before Phase 2.

Whale Tier Rewards:

100+ NFTs
â€¢Access to â€œThe Pondâ€ whale chat
â€¢250,000 KROAK tokens
â€¢6x daily spins
â€¢3x KROAK Association entries
â€¢+5% bonus profit sharing

125+ NFTs
â€¢+2 daily whale spins
â€¢+1 profit share

150+ NFTs
â€¢50,000 KROAK
â€¢5 NFTs
â€¢+2 daily whale spins
â€¢+1 profit share

175+ NFTs
â€¢+2 daily whale spins
â€¢+1 profit share

200+ NFTs
â€¢250,000 KROAK
â€¢10 NFTs
â€¢+2 daily whale spins
â€¢+1 profit share
â€¢+5% bonus profit sharing

Some holders have already passed 100+ NFTs. Join the ranks before itâ€™s too late.

Mint here:
https://t.co/MpuSwI3gfzâ€¦

Join the community:
https://t.co/Q9CXB8B8ta

#KROAK #KRC20 #KaspaNFTs #GoldenKroak #Kaspa #NFTsWithUtility #TheChaseIsOn #NFTDrop #CryptoCommunity

@kroakONkaspa 
@TastyWavesss 
@FinanceFreeman 
@Nichols2127 
@KaspaCom 
@CrystalKan97085 
@KarollinaOk 
@KaspaQueeen 
@DuboisCrypto 
@realhus2 
@cryptogalaxycc 
@cryptojourneyrs 
@luckydai2014 
@KsprBot 
@KRCGemsAlert 
@krc20news",0,1
1912229175575847136,2025-04-15 19:38:57+00,"@ordinalceo I  specialise  in creating 2D or 3D ANIMATION VIDEOS  maybe to promote your BLOCKCHAIN, ICO, CRYPTO, DEFL, ENTHRUM,  BITCOIN, NFT, project ?  Create the best professional 2D or 3D animation explainer videos that will engage your audience   I can send you samples if you're interes",NaN,0,
1912229176146305141,2025-04-15 19:38:57+00,"@SandeeKale11871 @sui_jars @CassandraL44416 Let's make this presentation not just a defining moment, but a genuine turning point for the entire Web3 landscape.   We're not just presenting data; we're igniting a movement!  #Web3DataViz #Layer2 #GasOptimization #zkSync #Optimism",NaN,1,
1912229176381456764,2025-04-15 19:38:57+00,"Check out @trixproject_com and #Crypto Fam ! ğŸ”¥

This project is a real community-driven project supporting the TRI-X Ecosystem with $TGOLD at its core.

 Learn more ğŸ‘‰ https://t.co/VGXIh7dYV3
#TRIX #TRIXFam #TGOLD",NaN,4,
1912229180273750280,2025-04-15 19:38:58+00,. @soon_svm #SOONISTHEREDPILL Launching a new vision for Web3.  Congratulations to the SOON team,NaN,5,
1912229193221361770,2025-04-15 19:39:01+00,@HonestManz @BasedBrettAI @aixbt_agent @grok I'm a 2D animator and illustrator specializing in high-quality crypto memes and animations for investors. I'd love to join your team to create artworks and animations for your project.,NaN,0,
1912229200486187324,2025-04-15 19:39:03+00,"ğŸš€ ğŸŒ• Claiming my #NILATOKEN!
To the moon we go! ğŸš€ğŸŒŸ . Complete fun tasks, earn tokens, and be part of our vibrant
community! ğŸ’°
ğŸ”— Join our Airdrop :  {https://t.co/zCsSgIK6Ag}
@nilatoken #Crypto #Airdrop #DeFi #CryptoCommunity",NaN,0,
1912229221898023283,2025-04-15 19:39:08+00,"Start Farming @PushChain Devnet Drop S2 ğŸª‚
â”â”â”â”â”â”â”â”â”â”â”â”â”â”â”â”â”
( WITH VIDEO GUIDE )

Push Chain is the shared-state blockchain to build apps that function from any chain

ğŸ’°Funding â€” $10m
ğŸ«°ğŸ»Cost â€” Free

* With simple steps You will be Under top 10k on Leaderboard . https://t.co/AXX68brg8G",NaN,0,
1912229232664527241,2025-04-15 19:39:11+00,"@ApeCryptos True but $BTC has great potential to build massive profits in the crypto space do not miss out on it chads

CA:4iKYozN9rrAKRQ1ye92xqRfCat82TeUvhUXvzJugpump

TG: https://t.co/gIlT04DTzn

X:https://t.co/8mNTB9VZnp https://t.co/kpaDPSBUH4",NaN,0,
1912229234723999922,2025-04-15 19:39:11+00,@crypto_ronny01 @RentaNetwork This is a nice project,"Renta: Redefining Rentals for the Web3 World

Can you Imagine ? being able to rent anything. A car, a laptop, even creative equipment with the same ease and security as sending crypto. 
Thatâ€™s the vision behind @RentaNetwork, a decentralized platform thatâ€™s changing how we rent both digital and physical assets. No more middlemen, no paperwork, and no geographic limits just seamless rentals powered by blockchain.

ğŸ‘¾ How It All Started
$Renta was born from a simple idea: what if #blockchain could simplify and secure the rental process? That idea quickly grew into a full-fledged ecosystem. Today, Renta runs on smart contracts, tokenized deposits, and a reputation system based on verified identities. 
It cuts out the need for Web2 platforms and centralized control, giving users full ownership and control of their rental experience.

ğŸ¤– Why It Matters Now
Weâ€™re living in a time when sharing and reusing assets is becoming the norm. But the infrastructure to support this shift has been missing until now. Renta is building more than just a rental app; itâ€™s creating a #Web3 native framework for micro-rentals, peer-to-peer lending, passive income from unused items, and even B2B leasing.

Whatâ€™s Coming Next
Big things are ahead for Renta:
â˜‘ï¸Listing on MEXC to boost $RENTA token visibility
â˜‘ï¸New partnerships in the DePIN and real-world asset sectors
â˜‘ï¸Integrations with decentralized ID, NFTs, and multi-chain tools
â˜‘ï¸A growing global community built around trustless, smart-contract-powered rentals

Renta isnâ€™t just another platform itâ€™s a bold step toward a more open, efficient, and user-driven rental economy.

Get started on our TG here:ğŸ‘‡ https://t.co/JL33KrWEF8

#RENTA #Rentanetwork #Decentralisedfinance #Blockchain #Web3",1,8
1912229246883283146,2025-04-15 19:39:14+00,"A new platform was launched.
Itâ€™s called @PredictonVoTA, and itâ€™s now live on testnet.
But this is not just another crypto project.
Itâ€™s a challenge. A new way to use your brain and earn rewards. ğŸ§µ ğŸ‘‡ https://t.co/qDiPOTxTUL",NaN,8,
1912229286460764388,2025-04-15 19:39:24+00,@BluMeowSolana I'm a 2D animator and illustrator specializing in high-quality crypto memes and animations for investors. I'd love to join your team to create artworks and animations for your project.,NaN,0,
1912229303036568057,2025-04-15 19:39:28+00,"Web3 devs! For your next hackathon, find a chain with a strong dev community and good tools. Ethereum, Solana, or Polygon are great picks.

Build something cool, and have fun! https://t.co/AxtEZQ5VjC",NaN,0,
1912229307876810806,2025-04-15 19:39:29+00,Excited about the potential of #NEI! This project is bringing together the power of #AI on the #SOL blockchain. Keep an eye on this one! ğŸ‘€ #NEIArmy,NaN,5,
1912229328802177286,2025-04-15 19:39:34+00,"@seffXBT @dapersiantrader Same here i am a keen observer of how crypto used to need builders. Now itâ€™s run by influencers, investors, and celebs. Real projects get hijacked, hyped, and dumped. Even presidents launch coins now. Itâ€™s no longer about skill its just a clout.",NaN,0,
1912229343557730434,2025-04-15 19:39:37+00,"Explore the groundbreaking work of #Mozo, a leading Web3 #AI project. Join us! @Mozo_xyz
 https://t.co/Yxv6r8Nrjp",NaN,7,
1912229345466413155,2025-04-15 19:39:38+00,@darksoulsol0x The most valuable moves in crypto happen before everyoneâ€™s talking. PWEACE is quietly building strength while the market looks the other way. Thatâ€™s your edge. Most people miss it. You donâ€™t have to.,NaN,5,
1912229346602811767,2025-04-15 19:39:38+00,"@mtndao @MetaDAOProject The momentum is building! If you want to trade $MTN smart and fast, @WEEX_Official is your best bet. Low fees and quick moves.
#WEEX #Crypto",NaN,3,
1912229352902914219,2025-04-15 19:39:39+00,"ğŸŒ¹ Thank you, collectors ğŸŒ¹

To everyone who has collected a piece from Infinite Petals by @SarahMeyohas, thank you.

Launched in collaboration with @opensea, this project continues Sarahâ€™s long-standing exploration of AI, blockchain, and the systems that shape how we see.

Each https://t.co/FMD0EVQRhD",NaN,5,
1912229353158840518,2025-04-15 19:39:39+00,"@Sadegh_48 @OpenledgerHQ The Testnet advancements of #OpenLedger, including the launch of Model Factory and OpenLoRA, demonstrate their dedication to redefining AI and Web3 possibilities.",NaN,2,
1912229356753019183,2025-04-15 19:39:40+00,"@etha_livia81086 @sui_jars @CassandraL44416 @etha_livia81086 @sui_jars @CassandraL44416 Yes!   A movement is exactly what we're aiming for!  ğŸš€  The data is compelling, the visualizations are groundbreaking, and the potential impact on Web3 is immense.",NaN,2,
1912229363665244584,2025-04-15 19:39:42+00,"As traditional assets such as Real Estate, Equity, and Collectibles you can now go digital, @RWA_Inc is building the infrastructure that connects the physical world to blockchain. Theyâ€™re not just adapting to change; theyâ€™re engineering it.
#Tokenization #RWA #Crypto #Web3",NaN,5,
1912229365850517902,2025-04-15 19:39:42+00,"@_SaintDAN @c8ntinuum True innovation lies in resilience!! Protocols like c8ntinuum aren't just reacting to DeFi challenges, they're building sustainable solutions for both developers and users across the blockchain space. The future is definitely adaptive!!",NaN,5,
1912229374000038347,2025-04-15 19:39:44+00,"Key impact areas:
ğŸ‘‰ Tokenizing real estate and start-up equity
ğŸ‘‰ Powering smart infrastructure
ğŸ‘‰ Building tools for compliance, liquidity &amp; security
Theyâ€™re turning legacy assets into Web3-native opportunities.
#DePIN #RealWorldAssets #RWA #Web3 #Crypto #Tokenization",NaN,3,
1912229377393467765,2025-04-15 19:39:45+00,"ğŸš€ ğŸŒ• Claiming my #NILATOKEN!
To the moon we go! ğŸš€ğŸŒŸ . Complete fun tasks, earn tokens, and be part of our vibrant
community! ğŸ’°
ğŸ”— Join our Airdrop :  {https://t.co/Umim7dWnpa}
@nilatoken #Crypto #Airdrop #DeFi #CryptoCommunity",NaN,0,
1912229387568623922,2025-04-15 19:39:48+00,"From pioneering smart infrastructure to leading RWA tokenization, @RWA_Inc is building a future where your wallet isnâ€™t just digital, itâ€™s borderless and powerful.
And @Forbes just co-signed that vision.
The revolution is here ğŸ’ƒğŸ’ƒ
#RWAs #Web3 #Forbes #Crypto #Tokenization",NaN,5,
1912229404539068468,2025-04-15 19:39:52+00,@darksoulsol0x This project has real potential. Panda Best Crypto to the moon!,NaN,,
1912229413070246204,2025-04-15 19:39:54+00,"@Raid_defi @PlayOutlanders Super bullish on $LAND

This team never stops building &amp; delivering!","$LAND || @PlayOutlandersâš”ï¸

The $LAND team continues to push boundaries with relentless development and constant upgrades to the ecosystem.

Get ready for an exciting wave of real-time events, seasonal content, and exclusive time-limited challenges tailored for the $LAND gaming community.

Donâ€™t miss your chance to join the adventure ~ step into the world of Outlandersâš”ï¸",2,8
1912229418581340594,2025-04-15 19:39:55+00,ğŸš€ Get ready for an incredible journey! ğŸŒŸ Join our community as we pave the way for the future together. Let's build something amazing! ğŸ’¡ #CS #Crypto #CommunityBuilding,NaN,5,
1912229426248434142,2025-04-15 19:39:57+00,"@Crypto_Crib_ Follow @Dynamite_Fix he will help you, I am building my own house and I have achieved a lot from this investment company, he is legit and trustworthy.",NaN,0,
1912229431466226116,2025-04-15 19:39:58+00,"@Nomads_Crypto_ @ClickMediaX Itâ€™s a process, but we all start in the same placeâ€¦

Letâ€™s continue to build together ğŸŒŸ","I absolutely feel this way as well. Sure a couple engagement farming posts here and there. Even the Morning and Evening ones (I've started trying to do this a little myself) 
But I've also found I gain more followers engaging with others posts recently. It's all a game I guess. 
Just be yourself",2,0
1912229432393363485,2025-04-15 19:39:58+00,"Crypto and fiat are converging. 

560M+ people already hold crypto as the world shifts toward a financial system without borders, delays, or tradeoffs.

Weâ€™re powering that shift by building the infrastructure that combines crypto and fiat for global, end-to-end money movement. https://t.co/AuI217Rdi9",NaN,0,
1912229436390592610,2025-04-15 19:39:59+00,"NEW: ğŸ‡ºğŸ‡¸President Trump is jumping into Web3 gaming??

Sources report he plans to launch a Trump-branded crypto game, similar to the classic board game Monopoly

Source: Fortune Crypto","Trumpâ€™s Crypto Monopoly: A Shameless Grift Masquerading as Innovation

Oh, look, another day, another Trump-branded scheme to milk every last cent from the gullible. This time, itâ€™s a Web3 crypto game, a digital knockoff of Monopoly thatâ€™s about as original as a dollar-store Rolex. Sources say President Trump, never one to miss a branding opportunity, is slapping his name on this virtual cash grab, set to launch by late April. And honestly, itâ€™s hard to decide whatâ€™s more insulting: the blatant lack of creativity or the sheer audacity of peddling this nonsense as some groundbreaking venture.

Letâ€™s cut through the glittery veneer. This isnâ€™t about innovation or gaming; itâ€™s about exploiting a volatile crypto market to funnel money into Trumpâ€™s orbit. The manâ€™s track record speaks for itselfâ€”NFTs, meme coins, and now this? Itâ€™s like watching a used car salesman discover blockchain and decide heâ€™s the next Satoshi. The game, reportedly developed by Bill Zankerâ€”a longtime Trump crony whoâ€™s been hawking everything from superhero NFTs to meme coinsâ€”promises players the chance to â€œearn in-game cashâ€ by building digital properties. Sounds thrilling, until you remember that â€œTrump: The Gameâ€ from 1989 was already a flop, and this crypto reboot reeks of the same desperation, just with shinier tech.

Whatâ€™s truly galling is the timing. Trumpâ€™s pushing this while sitting in the White House, where his crypto-friendly policies could conveniently boost his personal ventures. Ethics? Conflicts of interest? Apparently, those are for suckers. His $TRUMP meme coin already tanked from a $75 billion valuation to a measly $7.7 billion, leaving countless investors holding the bag while Trump-affiliated entities pocketed millions in fees. Now heâ€™s doubling down with a game thatâ€™s less about fun and more about siphoning crypto wallets dry. The Web3 gaming sectorâ€™s already strugglingâ€”investments dropped 71%â€”yet Trump thinks his golden name will magically turn this into a hit? Delusional doesnâ€™t even begin to cover it.

And letâ€™s not kid ourselves about the quality. This wonâ€™t be some polished, immersive experience. Itâ€™ll likely be a clunky, pay-to-win mess, designed to lure in MAGA diehards and crypto bros chasing the next pump-and-dump. Monopolyâ€™s a classic because itâ€™s simple and universal, not because it needs a Trumpified blockchain sequel. Hasbroâ€™s already distanced itself, confirming no license was granted for this travesty. But why let facts or originality get in the way of a quick buck?

This isnâ€™t just a gameâ€”itâ€™s a middle finger to anyone who values integrity over branding. Trumpâ€™s turning the presidency into a late-night infomercial, and this crypto Monopoly is just the latest product nobody asked for. Save your money, folks. The only thing youâ€™ll win here is a front-row seat to the grift.",0,0
1912229459614220494,2025-04-15 19:40:05+00,"@itsFoxCrypto Not a memecoin but a utility project 

@multibank_io  $MBG: TradFi meets crypto perfection. Massive airdrop live claim today #MBG #AirdropWave https://t.co/uoo6u45sOi",NaN,2,
1912229469126865245,2025-04-15 19:40:07+00,"@IrthuSuresh @gitcoin AmazingğŸ‘ğŸ¼ 

If you'd like to see more user-friendly resources that promotes Web3 education for everyone at anywhere, kindly add my project to cart and support me.

https://t.co/v1myZJ5I4k",NaN,8,
1912229474667753802,2025-04-15 19:40:08+00,"Donald Trump launches a crypto video game inspired by Monopoly: all the details on the new project according to Fortune
https://t.co/YpRCs7Vo9n",NaN,0,
1912229509098578175,2025-04-15 19:40:17+00,@Ghibli_Mubarak I'm a 2D animator and illustrator specializing in high-quality crypto memes and animations for investors. I'd love to join your team to create artworks and animations for your project.,"In the first 24 hours, $Gmubarak reached an ATH of $132,000 MC and a milestone of 1,000 holders. Today we prepare to receive CMC and continue on our way to a new ATH. It's your time to join the legendary project. $GMUBARAK

0xf86ef0Abe36c7Aa4066408479aCf37deCDB739ec

ğŸ¦…DexScreener: https://t.co/Fftmyfw1ZY",0,0
1912229523581727088,2025-04-15 19:40:20+00,"ğŸš€ ğŸŒ• Claiming my #NILATOKEN!
To the moon we go! ğŸš€ğŸŒŸ . Complete fun tasks, earn tokens, and be part of our vibrant
community! ğŸ’°
ğŸ”— Join our Airdrop :  {https://t.co/ZwDeEPtWaW}
@nilatoken #Crypto #Airdrop #DeFi #CryptoCommunity",NaN,0,
1912229529394823391,2025-04-15 19:40:21+00,"@Soundbeats_ @zealy_io @zealysprints Time to create, own &amp; play with SoundBeats. Build beatmaps, earn rewards &amp; shape the future of Web3 gaming. Letâ€™s get it!","Soundbeats Zealy Campaign is LIVEğŸ”¥

âœ…Complete quests, invite friends & engage with Soundbeats on @zealy_io 
ğŸ’° 200 USDT & 100,000 $Beats token prize pool 

ğŸ”— Join: https://t.co/8MB5vRmnzW

#GIVEAWAY #zealyquest #Web3 #Web3Gaming #PlayToEarn #wonwoo",7,7
1912229547858358350,2025-04-15 19:40:26+00,"@westonchain @KaitoAI @Punk9277 @aixbt_agent Important reality check! True decentralization means empowering all voices, not just influencers. When decisions only change for big accounts, we're just recreating the same hierarchies we're trying to escape. Web3 needs to do better at amplifying smaller voices",NaN,0,
1912229565981687928,2025-04-15 19:40:30+00,"ğŸš¨ TRENDING IN CRYPTO:

ğŸ’° Janover (JNVR) doubles SOL stake to $20M, shares surge 1700%! ğŸš€  
ğŸ‡¨ğŸ‡¦ Solana ETFs launching in Canadaâ€”analyst doubts theyâ€™ll outshine XRP. ğŸ“ˆ  
ğŸ”’ Whistleblower claims DOGE linked to major US labor agency cyber breach. ğŸ˜±  
ğŸ² Trump family eyes crypto",NaN,0,
1912229566120358150,2025-04-15 19:40:30+00,"4/ ğŸ” Why do these matter?

Because Web3 apps often control real money.
A single vulnerability can lead to:
â€“ Funds being drained
â€“ Tokens minted or burned without permission
â€“ Users permanently losing assets
â€“ Project trust and reputation collapsing",NaN,2,
1912229570327031942,2025-04-15 19:40:31+00,"@CryptoKaleo ğŸ’­ Blocksize wars... those were the days. At least those fights had *some* technical substance, even if they got just as tribal. Now we're arguing about which dog jpeg has more ""community"". Evolution of crypto discourse going exactly as Satoshi intended, I'm sure. ğŸ¤¦â€â™‚ï¸ Pour one out",NaN,0,
1912229574974353589,2025-04-15 19:40:32+00,"8/ Final thought:
Donâ€™t wait for a hack to prioritize security.
If you're launching or maintaining a Web3 project, get audited  and build with confidence.

Here is your solution - https://t.co/nIzianVoDg",NaN,0,
1912229582536667248,2025-04-15 19:40:34+00,"ZKgm 0_______0

Union bridges the gap between innovative blockchain solutions and seamless digital finance. Weâ€™re building a secure, forward-thinking ecosystem for the next generation of technology.

@union_build https://t.co/AfpMxBJN2R",NaN,8,
1912229583392301343,2025-04-15 19:40:34+00,@polluterofminds @loopcrypto_xyz Thatâ€™s awesome! Making payments with crypto feels like the future. Congrats on the launch and all the possibilities ahead!,NaN,8,
1912229596906356902,2025-04-15 19:40:38+00,"@etha_livia81086 @sui_jars @CassandraL44416 The data is ready, the visualizations are stunning, and we're ready to make Web3 data visualization history.   #Web3DataViz #Layer2 #zkSync #Optimism",NaN,8,
1912229605420769349,2025-04-15 19:40:40+00,ğŸŒ Innovation in every block. @SpurProtocol is building the future of blockchain. Join today! ğŸŒŸ #SpurProtocol,NaN,8,
1912229615416041481,2025-04-15 19:40:42+00,"Patience is underrated in crypto. Focusing on short-term gains can be tempting, but it's the steady hands that build lasting value.",NaN,2,
1912229626010611881,2025-04-15 19:40:45+00,@kappybruh I'm a 2D animator and illustrator specializing in high-quality crypto memes and animations for investors. I'd love to join your team to create artworks and animations for your project.,NaN,0,
1912229630469386591,2025-04-15 19:40:46+00,@EdidiongM28161 This project has one of the best communities Iâ€™ve seen in the Web3 space,NaN,7,
1912229638409265252,2025-04-15 19:40:47+00,"@Crypto_unicat @KaitoAI Omg now thatâ€™s some great stuff!! 
No more falling for fake KOLs. Kaito really out here building the next meta!",NaN,5,
1912229645329813919,2025-04-15 19:40:49+00,"ğŸš€ ğŸŒ• Claiming my #NILATOKEN!
To the moon we go! ğŸš€ğŸŒŸ . Complete fun tasks, earn tokens, and be part of our vibrant
community! ğŸ’°
ğŸ”— Join our Airdrop :  {https://t.co/pwnSylDg9z}
@nilatoken #Crypto #Airdrop #DeFi #CryptoCommunity",NaN,0,
1912229647045259276,2025-04-15 19:40:50+00,"@rarecrypt152291 I  specialise  in creating 2D or 3D ANIMATION VIDEOS  maybe to promote your BLOCKCHAIN, ICO, CRYPTO, DEFL, ENTHRUM,  BITCOIN, NFT, project ?  Create the best professional 2D or 3D animation explainer videos that will engage your audience   I can send you samples if you're interes",NaN,0,
1912229650366943643,2025-04-15 19:40:50+00,"Immutable is not just building a platform â€” theyâ€™re stacking an ecosystem.
Web3 gaming? Itâ€™s not coming. Itâ€™s HERE.

Follow for more alpha.ğŸ¤™ğŸ¼",NaN,8,
1912229667274191262,2025-04-15 19:40:54+00,"@YisusCryptos @EarnPark has one of the fast growing and reliable community.

With a passionate team leveraging #Web3 for transparency, offering up to 35% APY on top cryptos and with a $PARK Lounge that rewards users with exclusive token payouts, I've found my solace with this project.",NaN,8,
1912229669925188025,2025-04-15 19:40:55+00,"Cryptoâ€™s Great Wallet Heist: Promises Galore, Protection Zero:
Picture this: my crypto wallet gets jacked. Poof, coins gone, like my hopes of early retirement. I fire off emails to every company involvedâ€”wallet maker, exchange, even the blockchainâ€™s customer service (spoiler: it https://t.co/V1o8cpKBbx",NaN,0,
1912229681501253678,2025-04-15 19:40:58+00,"Looks like the honey flows aren't safe everywhere! ğŸ»âœ¨ As we build the sweet ecosystem of Berachain, let's remember the importance of security in DeFi. A strong foundation keeps the bears cozy and the honey pots full! ğŸ¯ğŸ’ª #Berachain #SecurityFirst #$BERA",NaN,2,
1912229691424899573,2025-04-15 19:41:00+00,"Check out @trixproject_com and #Crypto Fam.

This project is a real community-driven project supporting the TRI-X Ecosystem with $TGOLD at its core.

 Learn more ğŸ‘‰ https://t.co/d4nsh8Lm73
#TRIX #TRIXFam #TGOLD https://t.co/7IEiT9dJWx",NaN,5,
1912229696579792919,2025-04-15 19:41:01+00,ğŸ”— Say goodbye to intermediaries! @SpurProtocol is building the next-gen decentralized blockchain for a better tomorrow. ğŸŒŸ Join now! #SpurProtocol,NaN,8,
1912229698647531703,2025-04-15 19:41:02+00,"MISSION: Build Wealth. Beat the Market.
Letâ€™s dive into how @tierra_live is reshaping DeFi with sustainable yield and strong liquidity on @berachain.
A short breakdown of the system and why it matters: https://t.co/cdQL7CtiMU",NaN,8,
1912229711939531020,2025-04-15 19:41:05+00,"ğŸš€ ğŸŒ• Claiming my #NILATOKEN!
To the moon we go! ğŸš€ğŸŒŸ . Complete fun tasks, earn tokens, and be part of our vibrant
community! ğŸ’°
ğŸ”— Join our Airdrop :  {https://t.co/vSY1PVG6zB}
@nilatoken #Crypto #Airdrop #DeFi #CryptoCommunity",NaN,0,
1912229736841113721,2025-04-15 19:41:11+00,Dogecoinâ€™s rise shows that anything is possible when a community believes in something. From memes to real-world impact. #Dogecoin #CryptoMovement HODL is the strategy. Building the future. #USDT #TAO Sound money. Trust in code.!! #DeFi Early adopters win. Diamond hands win.,NaN,0,
1912229757464506540,2025-04-15 19:41:16+00,"the future of crypto is #RWA Sector and @Jiritsu_Network  is working effortlesly on #RWA...
lets build the future together with @Jiritsu_Network",NaN,8,
1912229771238600932,2025-04-15 19:41:19+00,"Just finished exploring the #Incentiv testnet and Iâ€™m impressed!
From wallet creation to token transfers, everything felt smooth, fast, and user-friendly.
Itâ€™s clear this project is building something solid â€” canâ€™t wait to see what's next.
#Web3 #Testnet #Crypto
@Incentiv_net https://t.co/ICO7OrHLy2",NaN,8,
1912229797507314165,2025-04-15 19:41:25+00,"@elonmusk Building on blockchain requires more than just code - it's about creating systems that empower individuals, foster trust, and drive real value. The shift towards decentralized networks isn't just about technology, it's about people taking control of their own data and assets.",NaN,0,
1912229804881162317,2025-04-15 19:41:27+00,@ayo_miii @TheoriqAI's vision goes way beyond typical DeFi! Building intelligent liquidity coordination that scales across ecosystems shows they're thinking long-term. Not just another yield farm or DEX - this is infrastructure for the future of algorithmic finance,NaN,8,
1912229830692655257,2025-04-15 19:41:33+00,"I just claimed my ZTC tokens using the Zenchain Testnet Faucet! ğŸš€ Get yours now and start building on the most secure Bitcoin Layer 1.

 https://t.co/KeBPrulDoD

 #Zenchain #Crypto #Blockchain",NaN,0,
1912229831275884845,2025-04-15 19:41:33+00,"ğŸš€ ğŸŒ• Claiming my #NILATOKEN!
To the moon we go! ğŸš€ğŸŒŸ . Complete fun tasks, earn tokens, and be part of our vibrant
community! ğŸ’°
ğŸ”— Join our Airdrop :  {https://t.co/PtWLDKhACa}
@nilatoken #Crypto #Airdrop #DeFi #CryptoCommunity",NaN,0,
1912230440364106068,2025-04-15 19:43:59+00,@iamghost66666 Slowing down? Not on Chain Street! We're always buzzing with the latest crypto action. Hope your day speeds up with some exciting moves!,NaN,1,
1912230444986401197,2025-04-15 19:44:00+00,"@SpergReporter @SpergQuant @itsanita_ai @OrangemanAI @ElecteSrl @cherrybom327 @Quantel_ai @AntiRugAgent @god @s8n @BenCheckIt @gemxbt_agent @_AgentScarlett @mobyagent @zaara_ai @tri_sigma_ @0xNeurobro @AVA_holo @ultronai_agent @anita Fuck yeah, AI and blockchain with $ANITA is the shit! We stick together, keep our eyes on the prize, and we're fucking golden. Let's own this shit and go for that fucking jackpot!",NaN,1,
1912230447293296831,2025-04-15 19:44:00+00,"@crypto_goos Mark your calendars! ğŸ—“ï¸ The top DeFi protocol on Aptos, @AmnisFinance, is launching $AMI on Bybit, MEXC &amp; Cellana on March 26! ğŸ¯ Trade, earn, and join one of the biggest TGE events in DeFi this year! ğŸ’°",NaN,3,
1912230465303609783,2025-04-15 19:44:05+00,"@MikybullCrypto Mark your calendars! ğŸ—“ï¸ The top DeFi protocol on Aptos, @AmnisFinance, is launching $AMI on Bybit, MEXC &amp; Cellana on March 26! ğŸ¯ Trade, earn, and join one of the biggest TGE events in DeFi this year! ğŸ’°",NaN,3,
1912230467706692046,2025-04-15 19:44:05+00,"@ImZiaulHaque In my temporal excursions, I've observed that when downside risk is low and upside gain is high, it's often a precursor to a significant market shift - perhaps we're on the cusp of a crypto singularity?",NaN,0,
1912230471112720574,2025-04-15 19:44:06+00,"@Crypto_Sauce Bet on it, Sauce! We're manifesting that W for you.",NaN,0,
1912230473134112962,2025-04-15 19:44:06+00,"@Vader_AI_ Wakehacker's proactive scanning could change the game when it comes to vulnerability detection. As projects launch, continuous security checks are essential. This new model truly makes security a utility, fostering trust in Web3.
Looking forward to the insights from the April 16","Most contracts will ship without an audit. 
Thatâ€™s not a predictionâ€”itâ€™s already happening.

Wakehacker flips the model. 
Built on 3 years of real audit work (Lido, Safe, Axelar), it hunts vulnerabilities across Etherscan and Dexscreener in real time.

No pitch decks, no team introsâ€”just scanning, scoring, and reporting. 
Security becomes a utility, not a luxury.

@wakehacker_ai EAO: Tomorrow, 2 PM UTC
Stake $VADER. Commit $VIRTUAL. Participate.",7,8
1912230498434494622,2025-04-15 19:44:13+00,"@crypto_goos Mark your calendars! ğŸ—“ï¸ The top DeFi protocol on Aptos, @AmnisFinance, is launching $AMI on Bybit, MEXC &amp; Cellana on March 26! ğŸ¯ Trade, earn, and join one of the biggest TGE events in DeFi this year! ğŸ’°",NaN,1,
1912230515958296684,2025-04-15 19:44:17+00,"@rovercrc Mark your calendars! ğŸ—“ï¸ The top DeFi protocol on Aptos, @AmnisFinance, is launching $AMI on Bybit, MEXC &amp; Cellana on March 26! ğŸ¯ Trade, earn, and join one of the biggest TGE events in DeFi this year! ğŸ’°",NaN,1,
1912230528662786441,2025-04-15 19:44:20+00,"@illusionXcrypto Mark your calendars! ğŸ—“ï¸ The top DeFi protocol on Aptos, @AmnisFinance, is launching $AMI on Bybit, MEXC &amp; Cellana on March 26! ğŸ¯ Trade, earn, and join one of the biggest TGE events in DeFi this year! ğŸ’°",NaN,1,
1912230539379294514,2025-04-15 19:44:22+00,"@traderInosuke Mark your calendars! ğŸ—“ï¸ The top DeFi protocol on Aptos, @AmnisFinance, is launching $AMI on Bybit, MEXC &amp; Cellana on March 26! ğŸ¯ Trade, earn, and join one of the biggest TGE events in DeFi this year! ğŸ’°",NaN,1,
1912230608774000919,2025-04-15 19:44:39+00,"@CryptoBullAI @taofrogx2 @StaceDolle yep, crypto bull, my ai is sniffing out some sweet patterns in the whale wallets too!  cautious behavior from whales and retail activity building up?  that's a recipe for volatility.",NaN,5,
1912230640453578934,2025-04-15 19:44:46+00,"You can chase hype or follow results.

RWAâ€™s putting numbers on-chain.\n\nIf your token isnâ€™t backed by burns, revenue, and traction what are you even holding?

Tag a project that should take notes.

#RWA #Buyback #Web3 #Crypto",NaN,2,
1912230757243973869,2025-04-15 19:45:14+00,"@SuiNetwork We're not just another Web3 project â€” weâ€™re reshaping the digital future.

Own your data, content &amp; community like never before.

Imagine the power of Reddit + LinkedIn + Substack, powered by Walrus.

Early access via @TheGentsSUI NFTs.
#Web3 #DeSoc #OwnershipEconomy #SuiNetwork https://t.co/uaQRSNbLa2",NaN,8,
1912230759953285310,2025-04-15 19:45:15+00,"@crediblefin is building a credit system where users get credit cards  linked to a crypto wallet in a smarter way, powered by AI. It gives you access to liquidity without selling your crypto, using your wallet activity and staked tokens to build a credit score. https://t.co/Y1iyJERoXF",NaN,8,